"C:\Users\acesp\Desktop\Site Survey Responses/Testing","1001 - 0 - Part 2.xlsx"
"C:\Users\acesp\Desktop\Site Survey Responses/Testing","1001 - 0 - Part 2.xlsx"
"C:\Users\acesp\Desktop\Site Survey Responses/Testing","1001 - 0 - Part 2.xlsx"
"C:\Users\acesp\Desktop\Site Survey Responses/Testing","1001 - 0 - Part 2.xlsx"
"C:\Users\acesp\Desktop\Site Survey Responses/Testing","1001 - 0 - Part 2.xlsx"
"C:\Users\acesp\Desktop\Site Survey Responses/Testing","1001 - 0 - Part 2.xlsx"
"C:\Users\acesp\Desktop\Site Survey Responses/Testing","1001 - 0 - Part 2.xlsx"
"C:\Users\acesp\Desktop\Site Survey Responses/Testing","1001 - 0 - Part 2.xlsx"
"C:\Users\acesp\Desktop\Site Survey Responses/Testing","1001 - 0 - Part 2.xlsx"
"C:\Users\acesp\Desktop\Site Survey Responses/Testing","1001 - 0 - Part 2.xlsx"
